id,pred,Usage
S_507_509,-1,Ignored
S_507_511,-1,Ignored
S_507_512,-1,Ignored
S_507_521,-1,Ignored
S_507_536,-1,Ignored
S_507_538,-1,Ignored
S_507_549,-1,Ignored
S_507_553,-1,Ignored
S_507_556,-1,Ignored
S_507_559,-1,Ignored
S_507_562,-1,Ignored
S_507_569,-1,Ignored
S_507_570,-1,Ignored
S_507_577,-1,Ignored
S_507_580,-1,Ignored
S_507_592,0,Public
S_507_599,-1,Ignored
S_507_607,-1,Ignored
S_507_612,-1,Ignored
S_507_628,-1,Ignored
S_507_629,-1,Ignored
S_507_636,-1,Ignored
S_507_637,-1,Ignored
S_507_640,-1,Ignored
S_507_651,-1,Ignored
S_507_658,-1,Ignored
S_507_663,-1,Ignored
S_507_666,-1,Ignored
S_507_667,-1,Ignored
S_507_670,-1,Ignored
S_507_671,-1,Ignored
S_507_686,-1,Ignored
S_507_689,-1,Ignored
S_507_694,-1,Ignored
S_507_695,-1,Ignored
S_507_698,-1,Ignored
S_507_701,-1,Ignored
S_507_702,-1,Ignored
S_507_708,-1,Ignored
S_507_720,-1,Ignored
S_507_721,-1,Ignored
S_507_722,-1,Ignored
S_507_725,-1,Ignored
S_507_731,-1,Ignored
S_507_737,-1,Ignored
S_507_754,-1,Ignored
S_507_765,-1,Ignored
S_507_779,-1,Ignored
S_507_780,-1,Ignored
S_507_783,-1,Ignored
S_507_786,-1,Ignored
S_507_790,-1,Ignored
S_507_793,-1,Ignored
S_507_802,-1,Ignored
S_507_804,-1,Ignored
S_507_810,-1,Ignored
S_507_811,-1,Ignored
S_507_825,-1,Ignored
S_507_829,-1,Ignored
S_507_830,-1,Ignored
S_507_836,-1,Ignored
S_507_842,-1,Ignored
S_507_845,-1,Ignored
S_507_846,-1,Ignored
S_507_849,-1,Ignored
S_507_850,-1,Ignored
S_507_853,-1,Ignored
S_509_511,-1,Ignored
S_509_512,-1,Ignored
S_509_521,-1,Ignored
S_509_536,-1,Ignored
S_509_538,-1,Ignored
S_509_549,-1,Ignored
S_509_553,-1,Ignored
S_509_556,-1,Ignored
S_509_559,-1,Ignored
S_509_562,-1,Ignored
S_509_569,-1,Ignored
S_509_570,-1,Ignored
S_509_577,-1,Ignored
S_509_580,-1,Ignored
S_509_592,-1,Ignored
S_509_599,-1,Ignored
S_509_607,-1,Ignored
S_509_612,-1,Ignored
S_509_628,-1,Ignored
S_509_629,-1,Ignored
S_509_636,-1,Ignored
S_509_637,-1,Ignored
S_509_640,-1,Ignored
S_509_651,-1,Ignored
S_509_658,-1,Ignored
S_509_663,-1,Ignored
S_509_666,-1,Ignored
S_509_667,-1,Ignored
S_509_670,-1,Ignored
S_509_671,-1,Ignored
S_509_686,-1,Ignored
S_509_689,-1,Ignored
S_509_694,-1,Ignored
S_509_695,-1,Ignored
S_509_698,-1,Ignored
S_509_701,-1,Ignored
S_509_702,-1,Ignored
S_509_708,-1,Ignored
S_509_720,-1,Ignored
S_509_721,-1,Ignored
S_509_722,-1,Ignored
S_509_725,-1,Ignored
S_509_731,-1,Ignored
S_509_737,-1,Ignored
S_509_754,-1,Ignored
S_509_765,-1,Ignored
S_509_779,-1,Ignored
S_509_780,-1,Ignored
S_509_783,-1,Ignored
S_509_786,-1,Ignored
S_509_790,-1,Ignored
S_509_793,-1,Ignored
S_509_802,-1,Ignored
S_509_804,-1,Ignored
S_509_810,-1,Ignored
S_509_811,-1,Ignored
S_509_825,-1,Ignored
S_509_829,-1,Ignored
S_509_830,-1,Ignored
S_509_836,-1,Ignored
S_509_842,-1,Ignored
S_509_845,-1,Ignored
S_509_846,-1,Ignored
S_509_849,0,Public
S_509_850,-1,Ignored
S_509_853,-1,Ignored
S_511_512,-1,Ignored
S_511_521,-1,Ignored
S_511_536,-1,Ignored
S_511_538,-1,Ignored
S_511_549,-1,Ignored
S_511_553,-1,Ignored
S_511_556,-1,Ignored
S_511_559,-1,Ignored
S_511_562,-1,Ignored
S_511_569,-1,Ignored
S_511_570,-1,Ignored
S_511_577,-1,Ignored
S_511_580,-1,Ignored
S_511_592,-1,Ignored
S_511_599,-1,Ignored
S_511_607,1,Public
S_511_612,-1,Ignored
S_511_628,-1,Ignored
S_511_629,-1,Ignored
S_511_636,-1,Ignored
S_511_637,-1,Ignored
S_511_640,-1,Ignored
S_511_651,-1,Ignored
S_511_658,-1,Ignored
S_511_663,-1,Ignored
S_511_666,-1,Ignored
S_511_667,-1,Ignored
S_511_670,-1,Ignored
S_511_671,-1,Ignored
S_511_686,-1,Ignored
S_511_689,-1,Ignored
S_511_694,-1,Ignored
S_511_695,-1,Ignored
S_511_698,-1,Ignored
S_511_701,-1,Ignored
S_511_702,-1,Ignored
S_511_708,-1,Ignored
S_511_720,-1,Ignored
S_511_721,-1,Ignored
S_511_722,-1,Ignored
S_511_725,-1,Ignored
S_511_731,-1,Ignored
S_511_737,-1,Ignored
S_511_754,1,Public
S_511_765,-1,Ignored
S_511_779,-1,Ignored
S_511_780,-1,Ignored
S_511_783,-1,Ignored
S_511_786,-1,Ignored
S_511_790,-1,Ignored
S_511_793,-1,Ignored
S_511_802,-1,Ignored
S_511_804,-1,Ignored
S_511_810,-1,Ignored
S_511_811,-1,Ignored
S_511_825,-1,Ignored
S_511_829,-1,Ignored
S_511_830,-1,Ignored
S_511_836,-1,Ignored
S_511_842,1,Public
S_511_845,-1,Ignored
S_511_846,-1,Ignored
S_511_849,0,Public
S_511_850,-1,Ignored
S_511_853,-1,Ignored
S_512_521,-1,Ignored
S_512_536,-1,Ignored
S_512_538,-1,Ignored
S_512_549,-1,Ignored
S_512_553,-1,Ignored
S_512_556,-1,Ignored
S_512_559,-1,Ignored
S_512_562,-1,Ignored
S_512_569,-1,Ignored
S_512_570,-1,Ignored
S_512_577,-1,Ignored
S_512_580,-1,Ignored
S_512_592,-1,Ignored
S_512_599,-1,Ignored
S_512_607,-1,Ignored
S_512_612,-1,Ignored
S_512_628,-1,Ignored
S_512_629,-1,Ignored
S_512_636,-1,Ignored
S_512_637,-1,Ignored
S_512_640,-1,Ignored
S_512_651,-1,Ignored
S_512_658,-1,Ignored
S_512_663,-1,Ignored
S_512_666,-1,Ignored
S_512_667,-1,Ignored
S_512_670,-1,Ignored
S_512_671,-1,Ignored
S_512_686,-1,Ignored
S_512_689,-1,Ignored
S_512_694,-1,Ignored
S_512_695,-1,Ignored
S_512_698,-1,Ignored
S_512_701,-1,Ignored
S_512_702,-1,Ignored
S_512_708,-1,Ignored
S_512_720,-1,Ignored
S_512_721,-1,Ignored
S_512_722,-1,Ignored
S_512_725,-1,Ignored
S_512_731,-1,Ignored
S_512_737,-1,Ignored
S_512_754,-1,Ignored
S_512_765,-1,Ignored
S_512_779,-1,Ignored
S_512_780,-1,Ignored
S_512_783,-1,Ignored
S_512_786,-1,Ignored
S_512_790,-1,Ignored
S_512_793,0,Public
S_512_802,-1,Ignored
S_512_804,-1,Ignored
S_512_810,-1,Ignored
S_512_811,-1,Ignored
S_512_825,-1,Ignored
S_512_829,-1,Ignored
S_512_830,-1,Ignored
S_512_836,-1,Ignored
S_512_842,-1,Ignored
S_512_845,-1,Ignored
S_512_846,-1,Ignored
S_512_849,-1,Ignored
S_512_850,-1,Ignored
S_512_853,-1,Ignored
S_521_536,-1,Ignored
S_521_538,-1,Ignored
S_521_549,-1,Ignored
S_521_553,-1,Ignored
S_521_556,-1,Ignored
S_521_559,-1,Ignored
S_521_562,1,Public
S_521_569,-1,Ignored
S_521_570,-1,Ignored
S_521_577,-1,Ignored
S_521_580,-1,Ignored
S_521_592,-1,Ignored
S_521_599,-1,Ignored
S_521_607,-1,Ignored
S_521_612,-1,Ignored
S_521_628,-1,Ignored
S_521_629,-1,Ignored
S_521_636,-1,Ignored
S_521_637,-1,Ignored
S_521_640,-1,Ignored
S_521_651,-1,Ignored
S_521_658,-1,Ignored
S_521_663,-1,Ignored
S_521_666,-1,Ignored
S_521_667,-1,Ignored
S_521_670,-1,Ignored
S_521_671,-1,Ignored
S_521_686,-1,Ignored
S_521_689,-1,Ignored
S_521_694,-1,Ignored
S_521_695,-1,Ignored
S_521_698,1,Public
S_521_701,-1,Ignored
S_521_702,-1,Ignored
S_521_708,-1,Ignored
S_521_720,-1,Ignored
S_521_721,-1,Ignored
S_521_722,-1,Ignored
S_521_725,-1,Ignored
S_521_731,-1,Ignored
S_521_737,-1,Ignored
S_521_754,-1,Ignored
S_521_765,-1,Ignored
S_521_779,-1,Ignored
S_521_780,-1,Ignored
S_521_783,-1,Ignored
S_521_786,-1,Ignored
S_521_790,-1,Ignored
S_521_793,-1,Ignored
S_521_802,-1,Ignored
S_521_804,-1,Ignored
S_521_810,-1,Ignored
S_521_811,-1,Ignored
S_521_825,-1,Ignored
S_521_829,-1,Ignored
S_521_830,-1,Ignored
S_521_836,-1,Ignored
S_521_842,-1,Ignored
S_521_845,-1,Ignored
S_521_846,-1,Ignored
S_521_849,0,Public
S_521_850,-1,Ignored
S_521_853,-1,Ignored
S_536_538,-1,Ignored
S_536_549,-1,Ignored
S_536_553,-1,Ignored
S_536_556,-1,Ignored
S_536_559,-1,Ignored
S_536_562,-1,Ignored
S_536_569,-1,Ignored
S_536_570,-1,Ignored
S_536_577,-1,Ignored
S_536_580,-1,Ignored
S_536_592,-1,Ignored
S_536_599,-1,Ignored
S_536_607,-1,Ignored
S_536_612,-1,Ignored
S_536_628,-1,Ignored
S_536_629,-1,Ignored
S_536_636,-1,Ignored
S_536_637,-1,Ignored
S_536_640,-1,Ignored
S_536_651,-1,Ignored
S_536_658,-1,Ignored
S_536_663,-1,Ignored
S_536_666,-1,Ignored
S_536_667,-1,Ignored
S_536_670,-1,Ignored
S_536_671,-1,Ignored
S_536_686,-1,Ignored
S_536_689,-1,Ignored
S_536_694,-1,Ignored
S_536_695,-1,Ignored
S_536_698,-1,Ignored
S_536_701,-1,Ignored
S_536_702,-1,Ignored
S_536_708,-1,Ignored
S_536_720,-1,Ignored
S_536_721,-1,Ignored
S_536_722,-1,Ignored
S_536_725,0,Public
S_536_731,-1,Ignored
S_536_737,-1,Ignored
S_536_754,-1,Ignored
S_536_765,-1,Ignored
S_536_779,-1,Ignored
S_536_780,-1,Ignored
S_536_783,-1,Ignored
S_536_786,-1,Ignored
S_536_790,-1,Ignored
S_536_793,-1,Ignored
S_536_802,-1,Ignored
S_536_804,-1,Ignored
S_536_810,-1,Ignored
S_536_811,-1,Ignored
S_536_825,-1,Ignored
S_536_829,-1,Ignored
S_536_830,-1,Ignored
S_536_836,-1,Ignored
S_536_842,-1,Ignored
S_536_845,-1,Ignored
S_536_846,-1,Ignored
S_536_849,-1,Ignored
S_536_850,-1,Ignored
S_536_853,-1,Ignored
S_538_549,-1,Ignored
S_538_553,-1,Ignored
S_538_556,-1,Ignored
S_538_559,-1,Ignored
S_538_562,-1,Ignored
S_538_569,-1,Ignored
S_538_570,-1,Ignored
S_538_577,-1,Ignored
S_538_580,-1,Ignored
S_538_592,-1,Ignored
S_538_599,-1,Ignored
S_538_607,-1,Ignored
S_538_612,-1,Ignored
S_538_628,-1,Ignored
S_538_629,-1,Ignored
S_538_636,-1,Ignored
S_538_637,-1,Ignored
S_538_640,-1,Ignored
S_538_651,-1,Ignored
S_538_658,-1,Ignored
S_538_663,-1,Ignored
S_538_666,-1,Ignored
S_538_667,-1,Ignored
S_538_670,-1,Ignored
S_538_671,-1,Ignored
S_538_686,-1,Ignored
S_538_689,-1,Ignored
S_538_694,-1,Ignored
S_538_695,-1,Ignored
S_538_698,-1,Ignored
S_538_701,-1,Ignored
S_538_702,-1,Ignored
S_538_708,-1,Ignored
S_538_720,-1,Ignored
S_538_721,-1,Ignored
S_538_722,-1,Ignored
S_538_725,-1,Ignored
S_538_731,-1,Ignored
S_538_737,-1,Ignored
S_538_754,-1,Ignored
S_538_765,-1,Ignored
S_538_779,-1,Ignored
S_538_780,-1,Ignored
S_538_783,-1,Ignored
S_538_786,-1,Ignored
S_538_790,-1,Ignored
S_538_793,-1,Ignored
S_538_802,-1,Ignored
S_538_804,-1,Ignored
S_538_810,-1,Ignored
S_538_811,-1,Ignored
S_538_825,-1,Ignored
S_538_829,-1,Ignored
S_538_830,-1,Ignored
S_538_836,-1,Ignored
S_538_842,-1,Ignored
S_538_845,-1,Ignored
S_538_846,0,Public
S_538_849,-1,Ignored
S_538_850,-1,Ignored
S_538_853,-1,Ignored
S_549_553,-1,Ignored
S_549_556,-1,Ignored
S_549_559,-1,Ignored
S_549_562,-1,Ignored
S_549_569,-1,Ignored
S_549_570,-1,Ignored
S_549_577,-1,Ignored
S_549_580,-1,Ignored
S_549_592,-1,Ignored
S_549_599,-1,Ignored
S_549_607,-1,Ignored
S_549_612,0,Public
S_549_628,-1,Ignored
S_549_629,-1,Ignored
S_549_636,-1,Ignored
S_549_637,-1,Ignored
S_549_640,-1,Ignored
S_549_651,-1,Ignored
S_549_658,-1,Ignored
S_549_663,-1,Ignored
S_549_666,-1,Ignored
S_549_667,-1,Ignored
S_549_670,-1,Ignored
S_549_671,-1,Ignored
S_549_686,-1,Ignored
S_549_689,-1,Ignored
S_549_694,-1,Ignored
S_549_695,-1,Ignored
S_549_698,-1,Ignored
S_549_701,-1,Ignored
S_549_702,-1,Ignored
S_549_708,-1,Ignored
S_549_720,-1,Ignored
S_549_721,-1,Ignored
S_549_722,-1,Ignored
S_549_725,-1,Ignored
S_549_731,-1,Ignored
S_549_737,-1,Ignored
S_549_754,-1,Ignored
S_549_765,-1,Ignored
S_549_779,-1,Ignored
S_549_780,-1,Ignored
S_549_783,-1,Ignored
S_549_786,-1,Ignored
S_549_790,-1,Ignored
S_549_793,-1,Ignored
S_549_802,-1,Ignored
S_549_804,-1,Ignored
S_549_810,-1,Ignored
S_549_811,-1,Ignored
S_549_825,-1,Ignored
S_549_829,-1,Ignored
S_549_830,-1,Ignored
S_549_836,-1,Ignored
S_549_842,-1,Ignored
S_549_845,-1,Ignored
S_549_846,-1,Ignored
S_549_849,-1,Ignored
S_549_850,-1,Ignored
S_549_853,-1,Ignored
S_553_556,-1,Ignored
S_553_559,-1,Ignored
S_553_562,-1,Ignored
S_553_569,-1,Ignored
S_553_570,-1,Ignored
S_553_577,-1,Ignored
S_553_580,-1,Ignored
S_553_592,-1,Ignored
S_553_599,-1,Ignored
S_553_607,-1,Ignored
S_553_612,-1,Ignored
S_553_628,-1,Ignored
S_553_629,-1,Ignored
S_553_636,-1,Ignored
S_553_637,-1,Ignored
S_553_640,-1,Ignored
S_553_651,-1,Ignored
S_553_658,-1,Ignored
S_553_663,-1,Ignored
S_553_666,-1,Ignored
S_553_667,-1,Ignored
S_553_670,-1,Ignored
S_553_671,-1,Ignored
S_553_686,-1,Ignored
S_553_689,-1,Ignored
S_553_694,-1,Ignored
S_553_695,-1,Ignored
S_553_698,-1,Ignored
S_553_701,-1,Ignored
S_553_702,-1,Ignored
S_553_708,-1,Ignored
S_553_720,-1,Ignored
S_553_721,-1,Ignored
S_553_722,-1,Ignored
S_553_725,-1,Ignored
S_553_731,-1,Ignored
S_553_737,-1,Ignored
S_553_754,-1,Ignored
S_553_765,-1,Ignored
S_553_779,-1,Ignored
S_553_780,-1,Ignored
S_553_783,-1,Ignored
S_553_786,-1,Ignored
S_553_790,-1,Ignored
S_553_793,-1,Ignored
S_553_802,-1,Ignored
S_553_804,-1,Ignored
S_553_810,-1,Ignored
S_553_811,-1,Ignored
S_553_825,-1,Ignored
S_553_829,-1,Ignored
S_553_830,0,Public
S_553_836,-1,Ignored
S_553_842,-1,Ignored
S_553_845,-1,Ignored
S_553_846,-1,Ignored
S_553_849,-1,Ignored
S_553_850,-1,Ignored
S_553_853,-1,Ignored
S_556_559,-1,Ignored
S_556_562,-1,Ignored
S_556_569,-1,Ignored
S_556_570,-1,Ignored
S_556_577,-1,Ignored
S_556_580,-1,Ignored
S_556_592,-1,Ignored
S_556_599,-1,Ignored
S_556_607,-1,Ignored
S_556_612,-1,Ignored
S_556_628,-1,Ignored
S_556_629,-1,Ignored
S_556_636,-1,Ignored
S_556_637,-1,Ignored
S_556_640,-1,Ignored
S_556_651,-1,Ignored
S_556_658,-1,Ignored
S_556_663,-1,Ignored
S_556_666,-1,Ignored
S_556_667,-1,Ignored
S_556_670,-1,Ignored
S_556_671,-1,Ignored
S_556_686,-1,Ignored
S_556_689,-1,Ignored
S_556_694,-1,Ignored
S_556_695,-1,Ignored
S_556_698,-1,Ignored
S_556_701,-1,Ignored
S_556_702,-1,Ignored
S_556_708,-1,Ignored
S_556_720,-1,Ignored
S_556_721,-1,Ignored
S_556_722,-1,Ignored
S_556_725,-1,Ignored
S_556_731,0,Public
S_556_737,-1,Ignored
S_556_754,-1,Ignored
S_556_765,-1,Ignored
S_556_779,-1,Ignored
S_556_780,-1,Ignored
S_556_783,-1,Ignored
S_556_786,-1,Ignored
S_556_790,-1,Ignored
S_556_793,-1,Ignored
S_556_802,-1,Ignored
S_556_804,-1,Ignored
S_556_810,-1,Ignored
S_556_811,-1,Ignored
S_556_825,-1,Ignored
S_556_829,-1,Ignored
S_556_830,-1,Ignored
S_556_836,-1,Ignored
S_556_842,-1,Ignored
S_556_845,-1,Ignored
S_556_846,-1,Ignored
S_556_849,-1,Ignored
S_556_850,-1,Ignored
S_556_853,-1,Ignored
S_559_562,-1,Ignored
S_559_569,-1,Ignored
S_559_570,-1,Ignored
S_559_577,-1,Ignored
S_559_580,-1,Ignored
S_559_592,1,Public
S_559_599,-1,Ignored
S_559_607,-1,Ignored
S_559_612,-1,Ignored
S_559_628,-1,Ignored
S_559_629,1,Public
S_559_636,-1,Ignored
S_559_637,-1,Ignored
S_559_640,1,Public
S_559_651,-1,Ignored
S_559_658,-1,Ignored
S_559_663,-1,Ignored
S_559_666,-1,Ignored
S_559_667,-1,Ignored
S_559_670,-1,Ignored
S_559_671,1,Public
S_559_686,-1,Ignored
S_559_689,-1,Ignored
S_559_694,-1,Ignored
S_559_695,-1,Ignored
S_559_698,-1,Ignored
S_559_701,-1,Ignored
S_559_702,-1,Ignored
S_559_708,-1,Ignored
S_559_720,-1,Ignored
S_559_721,-1,Ignored
S_559_722,-1,Ignored
S_559_725,-1,Ignored
S_559_731,-1,Ignored
S_559_737,-1,Ignored
S_559_754,-1,Ignored
S_559_765,-1,Ignored
S_559_779,1,Public
S_559_780,-1,Ignored
S_559_783,-1,Ignored
S_559_786,-1,Ignored
S_559_790,-1,Ignored
S_559_793,-1,Ignored
S_559_802,-1,Ignored
S_559_804,-1,Ignored
S_559_810,-1,Ignored
S_559_811,-1,Ignored
S_559_825,-1,Ignored
S_559_829,1,Public
S_559_830,-1,Ignored
S_559_836,-1,Ignored
S_559_842,-1,Ignored
S_559_845,-1,Ignored
S_559_846,-1,Ignored
S_559_849,-1,Ignored
S_559_850,-1,Ignored
S_559_853,-1,Ignored
S_562_569,-1,Ignored
S_562_570,-1,Ignored
S_562_577,-1,Ignored
S_562_580,-1,Ignored
S_562_592,-1,Ignored
S_562_599,-1,Ignored
S_562_607,-1,Ignored
S_562_612,-1,Ignored
S_562_628,-1,Ignored
S_562_629,-1,Ignored
S_562_636,-1,Ignored
S_562_637,-1,Ignored
S_562_640,-1,Ignored
S_562_651,-1,Ignored
S_562_658,-1,Ignored
S_562_663,-1,Ignored
S_562_666,-1,Ignored
S_562_667,-1,Ignored
S_562_670,-1,Ignored
S_562_671,-1,Ignored
S_562_686,-1,Ignored
S_562_689,-1,Ignored
S_562_694,-1,Ignored
S_562_695,-1,Ignored
S_562_698,-1,Ignored
S_562_701,-1,Ignored
S_562_702,-1,Ignored
S_562_708,-1,Ignored
S_562_720,-1,Ignored
S_562_721,-1,Ignored
S_562_722,-1,Ignored
S_562_725,-1,Ignored
S_562_731,-1,Ignored
S_562_737,-1,Ignored
S_562_754,-1,Ignored
S_562_765,-1,Ignored
S_562_779,-1,Ignored
S_562_780,-1,Ignored
S_562_783,-1,Ignored
S_562_786,-1,Ignored
S_562_790,-1,Ignored
S_562_793,-1,Ignored
S_562_802,-1,Ignored
S_562_804,-1,Ignored
S_562_810,-1,Ignored
S_562_811,1,Public
S_562_825,-1,Ignored
S_562_829,-1,Ignored
S_562_830,-1,Ignored
S_562_836,-1,Ignored
S_562_842,-1,Ignored
S_562_845,-1,Ignored
S_562_846,-1,Ignored
S_562_849,-1,Ignored
S_562_850,-1,Ignored
S_562_853,-1,Ignored
S_569_570,-1,Ignored
S_569_577,-1,Ignored
S_569_580,-1,Ignored
S_569_592,0,Public
S_569_599,-1,Ignored
S_569_607,-1,Ignored
S_569_612,-1,Ignored
S_569_628,-1,Ignored
S_569_629,-1,Ignored
S_569_636,-1,Ignored
S_569_637,-1,Ignored
S_569_640,-1,Ignored
S_569_651,-1,Ignored
S_569_658,-1,Ignored
S_569_663,-1,Ignored
S_569_666,-1,Ignored
S_569_667,-1,Ignored
S_569_670,-1,Ignored
S_569_671,-1,Ignored
S_569_686,-1,Ignored
S_569_689,-1,Ignored
S_569_694,-1,Ignored
S_569_695,-1,Ignored
S_569_698,-1,Ignored
S_569_701,-1,Ignored
S_569_702,-1,Ignored
S_569_708,-1,Ignored
S_569_720,1,Public
S_569_721,-1,Ignored
S_569_722,-1,Ignored
S_569_725,-1,Ignored
S_569_731,-1,Ignored
S_569_737,-1,Ignored
S_569_754,-1,Ignored
S_569_765,-1,Ignored
S_569_779,-1,Ignored
S_569_780,-1,Ignored
S_569_783,1,Public
S_569_786,1,Public
S_569_790,-1,Ignored
S_569_793,-1,Ignored
S_569_802,-1,Ignored
S_569_804,-1,Ignored
S_569_810,-1,Ignored
S_569_811,-1,Ignored
S_569_825,-1,Ignored
S_569_829,-1,Ignored
S_569_830,-1,Ignored
S_569_836,-1,Ignored
S_569_842,-1,Ignored
S_569_845,-1,Ignored
S_569_846,-1,Ignored
S_569_849,-1,Ignored
S_569_850,-1,Ignored
S_569_853,-1,Ignored
S_570_577,-1,Ignored
S_570_580,-1,Ignored
S_570_592,-1,Ignored
S_570_599,-1,Ignored
S_570_607,-1,Ignored
S_570_612,-1,Ignored
S_570_628,-1,Ignored
S_570_629,-1,Ignored
S_570_636,-1,Ignored
S_570_637,-1,Ignored
S_570_640,-1,Ignored
S_570_651,-1,Ignored
S_570_658,-1,Ignored
S_570_663,-1,Ignored
S_570_666,-1,Ignored
S_570_667,-1,Ignored
S_570_670,-1,Ignored
S_570_671,0,Public
S_570_686,-1,Ignored
S_570_689,-1,Ignored
S_570_694,-1,Ignored
S_570_695,-1,Ignored
S_570_698,-1,Ignored
S_570_701,-1,Ignored
S_570_702,-1,Ignored
S_570_708,-1,Ignored
S_570_720,-1,Ignored
S_570_721,-1,Ignored
S_570_722,-1,Ignored
S_570_725,-1,Ignored
S_570_731,-1,Ignored
S_570_737,-1,Ignored
S_570_754,-1,Ignored
S_570_765,-1,Ignored
S_570_779,-1,Ignored
S_570_780,-1,Ignored
S_570_783,-1,Ignored
S_570_786,-1,Ignored
S_570_790,-1,Ignored
S_570_793,-1,Ignored
S_570_802,-1,Ignored
S_570_804,-1,Ignored
S_570_810,-1,Ignored
S_570_811,-1,Ignored
S_570_825,-1,Ignored
S_570_829,-1,Ignored
S_570_830,-1,Ignored
S_570_836,-1,Ignored
S_570_842,-1,Ignored
S_570_845,-1,Ignored
S_570_846,-1,Ignored
S_570_849,-1,Ignored
S_570_850,-1,Ignored
S_570_853,-1,Ignored
S_577_580,-1,Ignored
S_577_592,-1,Ignored
S_577_599,-1,Ignored
S_577_607,-1,Ignored
S_577_612,-1,Ignored
S_577_628,-1,Ignored
S_577_629,-1,Ignored
S_577_636,-1,Ignored
S_577_637,-1,Ignored
S_577_640,-1,Ignored
S_577_651,-1,Ignored
S_577_658,-1,Ignored
S_577_663,-1,Ignored
S_577_666,-1,Ignored
S_577_667,0,Public
S_577_670,-1,Ignored
S_577_671,-1,Ignored
S_577_686,-1,Ignored
S_577_689,-1,Ignored
S_577_694,-1,Ignored
S_577_695,-1,Ignored
S_577_698,-1,Ignored
S_577_701,-1,Ignored
S_577_702,-1,Ignored
S_577_708,-1,Ignored
S_577_720,-1,Ignored
S_577_721,-1,Ignored
S_577_722,-1,Ignored
S_577_725,-1,Ignored
S_577_731,-1,Ignored
S_577_737,-1,Ignored
S_577_754,-1,Ignored
S_577_765,-1,Ignored
S_577_779,-1,Ignored
S_577_780,-1,Ignored
S_577_783,-1,Ignored
S_577_786,-1,Ignored
S_577_790,-1,Ignored
S_577_793,-1,Ignored
S_577_802,-1,Ignored
S_577_804,-1,Ignored
S_577_810,-1,Ignored
S_577_811,-1,Ignored
S_577_825,-1,Ignored
S_577_829,-1,Ignored
S_577_830,-1,Ignored
S_577_836,-1,Ignored
S_577_842,-1,Ignored
S_577_845,-1,Ignored
S_577_846,-1,Ignored
S_577_849,-1,Ignored
S_577_850,-1,Ignored
S_577_853,-1,Ignored
S_580_592,-1,Ignored
S_580_599,-1,Ignored
S_580_607,-1,Ignored
S_580_612,-1,Ignored
S_580_628,-1,Ignored
S_580_629,-1,Ignored
S_580_636,0,Public
S_580_637,-1,Ignored
S_580_640,-1,Ignored
S_580_651,-1,Ignored
S_580_658,-1,Ignored
S_580_663,-1,Ignored
S_580_666,-1,Ignored
S_580_667,-1,Ignored
S_580_670,-1,Ignored
S_580_671,-1,Ignored
S_580_686,-1,Ignored
S_580_689,-1,Ignored
S_580_694,-1,Ignored
S_580_695,-1,Ignored
S_580_698,-1,Ignored
S_580_701,-1,Ignored
S_580_702,-1,Ignored
S_580_708,-1,Ignored
S_580_720,-1,Ignored
S_580_721,-1,Ignored
S_580_722,-1,Ignored
S_580_725,-1,Ignored
S_580_731,-1,Ignored
S_580_737,-1,Ignored
S_580_754,-1,Ignored
S_580_765,-1,Ignored
S_580_779,-1,Ignored
S_580_780,-1,Ignored
S_580_783,-1,Ignored
S_580_786,-1,Ignored
S_580_790,-1,Ignored
S_580_793,-1,Ignored
S_580_802,-1,Ignored
S_580_804,-1,Ignored
S_580_810,-1,Ignored
S_580_811,-1,Ignored
S_580_825,-1,Ignored
S_580_829,-1,Ignored
S_580_830,-1,Ignored
S_580_836,-1,Ignored
S_580_842,-1,Ignored
S_580_845,-1,Ignored
S_580_846,-1,Ignored
S_580_849,-1,Ignored
S_580_850,-1,Ignored
S_580_853,-1,Ignored
S_592_599,-1,Ignored
S_592_607,-1,Ignored
S_592_612,-1,Ignored
S_592_628,-1,Ignored
S_592_629,-1,Ignored
S_592_636,-1,Ignored
S_592_637,-1,Ignored
S_592_640,-1,Ignored
S_592_651,-1,Ignored
S_592_658,-1,Ignored
S_592_663,-1,Ignored
S_592_666,-1,Ignored
S_592_667,-1,Ignored
S_592_670,-1,Ignored
S_592_671,-1,Ignored
S_592_686,-1,Ignored
S_592_689,-1,Ignored
S_592_694,-1,Ignored
S_592_695,-1,Ignored
S_592_698,-1,Ignored
S_592_701,-1,Ignored
S_592_702,-1,Ignored
S_592_708,-1,Ignored
S_592_720,-1,Ignored
S_592_721,-1,Ignored
S_592_722,-1,Ignored
S_592_725,-1,Ignored
S_592_731,1,Public
S_592_737,-1,Ignored
S_592_754,-1,Ignored
S_592_765,-1,Ignored
S_592_779,-1,Ignored
S_592_780,-1,Ignored
S_592_783,-1,Ignored
S_592_786,-1,Ignored
S_592_790,-1,Ignored
S_592_793,-1,Ignored
S_592_802,-1,Ignored
S_592_804,-1,Ignored
S_592_810,1,Public
S_592_811,-1,Ignored
S_592_825,-1,Ignored
S_592_829,-1,Ignored
S_592_830,-1,Ignored
S_592_836,-1,Ignored
S_592_842,-1,Ignored
S_592_845,-1,Ignored
S_592_846,-1,Ignored
S_592_849,-1,Ignored
S_592_850,-1,Ignored
S_592_853,-1,Ignored
S_599_607,-1,Ignored
S_599_612,-1,Ignored
S_599_628,-1,Ignored
S_599_629,-1,Ignored
S_599_636,-1,Ignored
S_599_637,-1,Ignored
S_599_640,-1,Ignored
S_599_651,-1,Ignored
S_599_658,-1,Ignored
S_599_663,-1,Ignored
S_599_666,0,Public
S_599_667,-1,Ignored
S_599_670,-1,Ignored
S_599_671,-1,Ignored
S_599_686,-1,Ignored
S_599_689,-1,Ignored
S_599_694,-1,Ignored
S_599_695,-1,Ignored
S_599_698,-1,Ignored
S_599_701,-1,Ignored
S_599_702,-1,Ignored
S_599_708,-1,Ignored
S_599_720,-1,Ignored
S_599_721,-1,Ignored
S_599_722,-1,Ignored
S_599_725,-1,Ignored
S_599_731,-1,Ignored
S_599_737,-1,Ignored
S_599_754,-1,Ignored
S_599_765,-1,Ignored
S_599_779,-1,Ignored
S_599_780,-1,Ignored
S_599_783,-1,Ignored
S_599_786,-1,Ignored
S_599_790,-1,Ignored
S_599_793,-1,Ignored
S_599_802,-1,Ignored
S_599_804,-1,Ignored
S_599_810,-1,Ignored
S_599_811,-1,Ignored
S_599_825,-1,Ignored
S_599_829,-1,Ignored
S_599_830,-1,Ignored
S_599_836,-1,Ignored
S_599_842,-1,Ignored
S_599_845,-1,Ignored
S_599_846,-1,Ignored
S_599_849,-1,Ignored
S_599_850,-1,Ignored
S_599_853,-1,Ignored
S_607_612,-1,Ignored
S_607_628,-1,Ignored
S_607_629,-1,Ignored
S_607_636,-1,Ignored
S_607_637,-1,Ignored
S_607_640,-1,Ignored
S_607_651,-1,Ignored
S_607_658,-1,Ignored
S_607_663,-1,Ignored
S_607_666,-1,Ignored
S_607_667,-1,Ignored
S_607_670,-1,Ignored
S_607_671,-1,Ignored
S_607_686,-1,Ignored
S_607_689,-1,Ignored
S_607_694,-1,Ignored
S_607_695,-1,Ignored
S_607_698,-1,Ignored
S_607_701,-1,Ignored
S_607_702,-1,Ignored
S_607_708,-1,Ignored
S_607_720,-1,Ignored
S_607_721,-1,Ignored
S_607_722,1,Public
S_607_725,-1,Ignored
S_607_731,-1,Ignored
S_607_737,-1,Ignored
S_607_754,-1,Ignored
S_607_765,-1,Ignored
S_607_779,-1,Ignored
S_607_780,-1,Ignored
S_607_783,-1,Ignored
S_607_786,-1,Ignored
S_607_790,-1,Ignored
S_607_793,-1,Ignored
S_607_802,-1,Ignored
S_607_804,-1,Ignored
S_607_810,-1,Ignored
S_607_811,-1,Ignored
S_607_825,-1,Ignored
S_607_829,-1,Ignored
S_607_830,-1,Ignored
S_607_836,-1,Ignored
S_607_842,-1,Ignored
S_607_845,-1,Ignored
S_607_846,-1,Ignored
S_607_849,-1,Ignored
S_607_850,-1,Ignored
S_607_853,-1,Ignored
S_612_628,-1,Ignored
S_612_629,-1,Ignored
S_612_636,-1,Ignored
S_612_637,-1,Ignored
S_612_640,-1,Ignored
S_612_651,-1,Ignored
S_612_658,-1,Ignored
S_612_663,-1,Ignored
S_612_666,-1,Ignored
S_612_667,-1,Ignored
S_612_670,-1,Ignored
S_612_671,0,Public
S_612_686,-1,Ignored
S_612_689,-1,Ignored
S_612_694,-1,Ignored
S_612_695,-1,Ignored
S_612_698,-1,Ignored
S_612_701,-1,Ignored
S_612_702,-1,Ignored
S_612_708,-1,Ignored
S_612_720,-1,Ignored
S_612_721,-1,Ignored
S_612_722,-1,Ignored
S_612_725,-1,Ignored
S_612_731,-1,Ignored
S_612_737,-1,Ignored
S_612_754,-1,Ignored
S_612_765,-1,Ignored
S_612_779,-1,Ignored
S_612_780,-1,Ignored
S_612_783,-1,Ignored
S_612_786,-1,Ignored
S_612_790,-1,Ignored
S_612_793,-1,Ignored
S_612_802,-1,Ignored
S_612_804,-1,Ignored
S_612_810,-1,Ignored
S_612_811,-1,Ignored
S_612_825,-1,Ignored
S_612_829,-1,Ignored
S_612_830,-1,Ignored
S_612_836,-1,Ignored
S_612_842,-1,Ignored
S_612_845,-1,Ignored
S_612_846,-1,Ignored
S_612_849,-1,Ignored
S_612_850,-1,Ignored
S_612_853,-1,Ignored
S_628_629,-1,Ignored
S_628_636,-1,Ignored
S_628_637,-1,Ignored
S_628_640,-1,Ignored
S_628_651,-1,Ignored
S_628_658,-1,Ignored
S_628_663,-1,Ignored
S_628_666,-1,Ignored
S_628_667,-1,Ignored
S_628_670,-1,Ignored
S_628_671,-1,Ignored
S_628_686,-1,Ignored
S_628_689,-1,Ignored
S_628_694,-1,Ignored
S_628_695,-1,Ignored
S_628_698,-1,Ignored
S_628_701,-1,Ignored
S_628_702,-1,Ignored
S_628_708,-1,Ignored
S_628_720,-1,Ignored
S_628_721,-1,Ignored
S_628_722,-1,Ignored
S_628_725,-1,Ignored
S_628_731,-1,Ignored
S_628_737,-1,Ignored
S_628_754,-1,Ignored
S_628_765,-1,Ignored
S_628_779,-1,Ignored
S_628_780,-1,Ignored
S_628_783,-1,Ignored
S_628_786,-1,Ignored
S_628_790,-1,Ignored
S_628_793,-1,Ignored
S_628_802,-1,Ignored
S_628_804,-1,Ignored
S_628_810,-1,Ignored
S_628_811,-1,Ignored
S_628_825,-1,Ignored
S_628_829,-1,Ignored
S_628_830,-1,Ignored
S_628_836,-1,Ignored
S_628_842,-1,Ignored
S_628_845,-1,Ignored
S_628_846,-1,Ignored
S_628_849,-1,Ignored
S_628_850,-1,Ignored
S_628_853,-1,Ignored
S_629_636,-1,Ignored
S_629_637,-1,Ignored
S_629_640,-1,Ignored
S_629_651,-1,Ignored
S_629_658,-1,Ignored
S_629_663,-1,Ignored
S_629_666,-1,Ignored
S_629_667,-1,Ignored
S_629_670,-1,Ignored
S_629_671,-1,Ignored
S_629_686,-1,Ignored
S_629_689,-1,Ignored
S_629_694,1,Public
S_629_695,-1,Ignored
S_629_698,-1,Ignored
S_629_701,-1,Ignored
S_629_702,-1,Ignored
S_629_708,1,Public
S_629_720,-1,Ignored
S_629_721,-1,Ignored
S_629_722,-1,Ignored
S_629_725,-1,Ignored
S_629_731,-1,Ignored
S_629_737,-1,Ignored
S_629_754,-1,Ignored
S_629_765,-1,Ignored
S_629_779,-1,Ignored
S_629_780,-1,Ignored
S_629_783,-1,Ignored
S_629_786,-1,Ignored
S_629_790,-1,Ignored
S_629_793,-1,Ignored
S_629_802,-1,Ignored
S_629_804,-1,Ignored
S_629_810,-1,Ignored
S_629_811,-1,Ignored
S_629_825,-1,Ignored
S_629_829,-1,Ignored
S_629_830,-1,Ignored
S_629_836,-1,Ignored
S_629_842,-1,Ignored
S_629_845,-1,Ignored
S_629_846,-1,Ignored
S_629_849,-1,Ignored
S_629_850,-1,Ignored
S_629_853,-1,Ignored
S_636_637,-1,Ignored
S_636_640,-1,Ignored
S_636_651,-1,Ignored
S_636_658,-1,Ignored
S_636_663,-1,Ignored
S_636_666,-1,Ignored
S_636_667,-1,Ignored
S_636_670,-1,Ignored
S_636_671,-1,Ignored
S_636_686,-1,Ignored
S_636_689,-1,Ignored
S_636_694,-1,Ignored
S_636_695,-1,Ignored
S_636_698,-1,Ignored
S_636_701,-1,Ignored
S_636_702,-1,Ignored
S_636_708,-1,Ignored
S_636_720,-1,Ignored
S_636_721,-1,Ignored
S_636_722,-1,Ignored
S_636_725,-1,Ignored
S_636_731,-1,Ignored
S_636_737,-1,Ignored
S_636_754,-1,Ignored
S_636_765,-1,Ignored
S_636_779,-1,Ignored
S_636_780,-1,Ignored
S_636_783,0,Public
S_636_786,-1,Ignored
S_636_790,-1,Ignored
S_636_793,-1,Ignored
S_636_802,-1,Ignored
S_636_804,-1,Ignored
S_636_810,-1,Ignored
S_636_811,-1,Ignored
S_636_825,-1,Ignored
S_636_829,-1,Ignored
S_636_830,-1,Ignored
S_636_836,-1,Ignored
S_636_842,-1,Ignored
S_636_845,-1,Ignored
S_636_846,-1,Ignored
S_636_849,-1,Ignored
S_636_850,-1,Ignored
S_636_853,-1,Ignored
S_637_640,0,Public
S_637_651,-1,Ignored
S_637_658,-1,Ignored
S_637_663,-1,Ignored
S_637_666,-1,Ignored
S_637_667,-1,Ignored
S_637_670,-1,Ignored
S_637_671,-1,Ignored
S_637_686,-1,Ignored
S_637_689,-1,Ignored
S_637_694,-1,Ignored
S_637_695,-1,Ignored
S_637_698,-1,Ignored
S_637_701,-1,Ignored
S_637_702,-1,Ignored
S_637_708,-1,Ignored
S_637_720,-1,Ignored
S_637_721,-1,Ignored
S_637_722,-1,Ignored
S_637_725,-1,Ignored
S_637_731,-1,Ignored
S_637_737,-1,Ignored
S_637_754,-1,Ignored
S_637_765,-1,Ignored
S_637_779,-1,Ignored
S_637_780,-1,Ignored
S_637_783,-1,Ignored
S_637_786,-1,Ignored
S_637_790,-1,Ignored
S_637_793,-1,Ignored
S_637_802,-1,Ignored
S_637_804,-1,Ignored
S_637_810,-1,Ignored
S_637_811,-1,Ignored
S_637_825,-1,Ignored
S_637_829,-1,Ignored
S_637_830,-1,Ignored
S_637_836,-1,Ignored
S_637_842,-1,Ignored
S_637_845,-1,Ignored
S_637_846,-1,Ignored
S_637_849,-1,Ignored
S_637_850,-1,Ignored
S_637_853,-1,Ignored
S_640_651,1,Public
S_640_658,-1,Ignored
S_640_663,-1,Ignored
S_640_666,-1,Ignored
S_640_667,-1,Ignored
S_640_670,1,Public
S_640_671,-1,Ignored
S_640_686,-1,Ignored
S_640_689,-1,Ignored
S_640_694,-1,Ignored
S_640_695,-1,Ignored
S_640_698,-1,Ignored
S_640_701,-1,Ignored
S_640_702,-1,Ignored
S_640_708,-1,Ignored
S_640_720,-1,Ignored
S_640_721,-1,Ignored
S_640_722,-1,Ignored
S_640_725,-1,Ignored
S_640_731,-1,Ignored
S_640_737,-1,Ignored
S_640_754,-1,Ignored
S_640_765,-1,Ignored
S_640_779,-1,Ignored
S_640_780,-1,Ignored
S_640_783,-1,Ignored
S_640_786,-1,Ignored
S_640_790,-1,Ignored
S_640_793,-1,Ignored
S_640_802,-1,Ignored
S_640_804,-1,Ignored
S_640_810,-1,Ignored
S_640_811,-1,Ignored
S_640_825,-1,Ignored
S_640_829,-1,Ignored
S_640_830,-1,Ignored
S_640_836,-1,Ignored
S_640_842,-1,Ignored
S_640_845,-1,Ignored
S_640_846,1,Public
S_640_849,1,Public
S_640_850,-1,Ignored
S_640_853,-1,Ignored
S_651_658,1,Public
S_651_663,-1,Ignored
S_651_666,-1,Ignored
S_651_667,-1,Ignored
S_651_670,-1,Ignored
S_651_671,-1,Ignored
S_651_686,-1,Ignored
S_651_689,-1,Ignored
S_651_694,-1,Ignored
S_651_695,-1,Ignored
S_651_698,-1,Ignored
S_651_701,-1,Ignored
S_651_702,-1,Ignored
S_651_708,-1,Ignored
S_651_720,-1,Ignored
S_651_721,-1,Ignored
S_651_722,-1,Ignored
S_651_725,-1,Ignored
S_651_731,-1,Ignored
S_651_737,-1,Ignored
S_651_754,-1,Ignored
S_651_765,-1,Ignored
S_651_779,-1,Ignored
S_651_780,1,Public
S_651_783,-1,Ignored
S_651_786,-1,Ignored
S_651_790,-1,Ignored
S_651_793,-1,Ignored
S_651_802,-1,Ignored
S_651_804,-1,Ignored
S_651_810,-1,Ignored
S_651_811,-1,Ignored
S_651_825,-1,Ignored
S_651_829,-1,Ignored
S_651_830,-1,Ignored
S_651_836,-1,Ignored
S_651_842,-1,Ignored
S_651_845,-1,Ignored
S_651_846,-1,Ignored
S_651_849,-1,Ignored
S_651_850,-1,Ignored
S_651_853,-1,Ignored
S_658_663,-1,Ignored
S_658_666,-1,Ignored
S_658_667,-1,Ignored
S_658_670,-1,Ignored
S_658_671,-1,Ignored
S_658_686,-1,Ignored
S_658_689,-1,Ignored
S_658_694,-1,Ignored
S_658_695,-1,Ignored
S_658_698,-1,Ignored
S_658_701,-1,Ignored
S_658_702,-1,Ignored
S_658_708,-1,Ignored
S_658_720,-1,Ignored
S_658_721,-1,Ignored
S_658_722,-1,Ignored
S_658_725,-1,Ignored
S_658_731,-1,Ignored
S_658_737,-1,Ignored
S_658_754,-1,Ignored
S_658_765,-1,Ignored
S_658_779,-1,Ignored
S_658_780,-1,Ignored
S_658_783,-1,Ignored
S_658_786,-1,Ignored
S_658_790,-1,Ignored
S_658_793,-1,Ignored
S_658_802,-1,Ignored
S_658_804,-1,Ignored
S_658_810,-1,Ignored
S_658_811,-1,Ignored
S_658_825,-1,Ignored
S_658_829,-1,Ignored
S_658_830,-1,Ignored
S_658_836,-1,Ignored
S_658_842,-1,Ignored
S_658_845,-1,Ignored
S_658_846,-1,Ignored
S_658_849,-1,Ignored
S_658_850,-1,Ignored
S_658_853,-1,Ignored
S_663_666,-1,Ignored
S_663_667,-1,Ignored
S_663_670,-1,Ignored
S_663_671,-1,Ignored
S_663_686,-1,Ignored
S_663_689,-1,Ignored
S_663_694,-1,Ignored
S_663_695,-1,Ignored
S_663_698,-1,Ignored
S_663_701,-1,Ignored
S_663_702,-1,Ignored
S_663_708,-1,Ignored
S_663_720,-1,Ignored
S_663_721,-1,Ignored
S_663_722,-1,Ignored
S_663_725,-1,Ignored
S_663_731,-1,Ignored
S_663_737,-1,Ignored
S_663_754,-1,Ignored
S_663_765,-1,Ignored
S_663_779,-1,Ignored
S_663_780,-1,Ignored
S_663_783,-1,Ignored
S_663_786,-1,Ignored
S_663_790,0,Public
S_663_793,-1,Ignored
S_663_802,-1,Ignored
S_663_804,-1,Ignored
S_663_810,-1,Ignored
S_663_811,-1,Ignored
S_663_825,-1,Ignored
S_663_829,-1,Ignored
S_663_830,-1,Ignored
S_663_836,-1,Ignored
S_663_842,-1,Ignored
S_663_845,-1,Ignored
S_663_846,-1,Ignored
S_663_849,-1,Ignored
S_663_850,-1,Ignored
S_663_853,-1,Ignored
S_666_667,-1,Ignored
S_666_670,-1,Ignored
S_666_671,-1,Ignored
S_666_686,-1,Ignored
S_666_689,-1,Ignored
S_666_694,-1,Ignored
S_666_695,-1,Ignored
S_666_698,-1,Ignored
S_666_701,-1,Ignored
S_666_702,-1,Ignored
S_666_708,-1,Ignored
S_666_720,-1,Ignored
S_666_721,-1,Ignored
S_666_722,-1,Ignored
S_666_725,-1,Ignored
S_666_731,-1,Ignored
S_666_737,-1,Ignored
S_666_754,-1,Ignored
S_666_765,-1,Ignored
S_666_779,-1,Ignored
S_666_780,-1,Ignored
S_666_783,-1,Ignored
S_666_786,-1,Ignored
S_666_790,-1,Ignored
S_666_793,-1,Ignored
S_666_802,-1,Ignored
S_666_804,-1,Ignored
S_666_810,-1,Ignored
S_666_811,-1,Ignored
S_666_825,-1,Ignored
S_666_829,-1,Ignored
S_666_830,0,Public
S_666_836,-1,Ignored
S_666_842,-1,Ignored
S_666_845,-1,Ignored
S_666_846,-1,Ignored
S_666_849,-1,Ignored
S_666_850,-1,Ignored
S_666_853,-1,Ignored
S_667_670,-1,Ignored
S_667_671,-1,Ignored
S_667_686,-1,Ignored
S_667_689,-1,Ignored
S_667_694,-1,Ignored
S_667_695,-1,Ignored
S_667_698,-1,Ignored
S_667_701,-1,Ignored
S_667_702,-1,Ignored
S_667_708,-1,Ignored
S_667_720,-1,Ignored
S_667_721,-1,Ignored
S_667_722,-1,Ignored
S_667_725,-1,Ignored
S_667_731,-1,Ignored
S_667_737,-1,Ignored
S_667_754,-1,Ignored
S_667_765,-1,Ignored
S_667_779,-1,Ignored
S_667_780,-1,Ignored
S_667_783,-1,Ignored
S_667_786,-1,Ignored
S_667_790,0,Public
S_667_793,-1,Ignored
S_667_802,-1,Ignored
S_667_804,-1,Ignored
S_667_810,-1,Ignored
S_667_811,-1,Ignored
S_667_825,-1,Ignored
S_667_829,-1,Ignored
S_667_830,-1,Ignored
S_667_836,-1,Ignored
S_667_842,-1,Ignored
S_667_845,-1,Ignored
S_667_846,-1,Ignored
S_667_849,-1,Ignored
S_667_850,-1,Ignored
S_667_853,-1,Ignored
S_670_671,-1,Ignored
S_670_686,-1,Ignored
S_670_689,-1,Ignored
S_670_694,-1,Ignored
S_670_695,-1,Ignored
S_670_698,-1,Ignored
S_670_701,-1,Ignored
S_670_702,-1,Ignored
S_670_708,-1,Ignored
S_670_720,-1,Ignored
S_670_721,-1,Ignored
S_670_722,-1,Ignored
S_670_725,-1,Ignored
S_670_731,-1,Ignored
S_670_737,-1,Ignored
S_670_754,-1,Ignored
S_670_765,-1,Ignored
S_670_779,-1,Ignored
S_670_780,-1,Ignored
S_670_783,-1,Ignored
S_670_786,-1,Ignored
S_670_790,1,Public
S_670_793,1,Public
S_670_802,-1,Ignored
S_670_804,-1,Ignored
S_670_810,-1,Ignored
S_670_811,-1,Ignored
S_670_825,-1,Ignored
S_670_829,-1,Ignored
S_670_830,-1,Ignored
S_670_836,-1,Ignored
S_670_842,-1,Ignored
S_670_845,-1,Ignored
S_670_846,-1,Ignored
S_670_849,-1,Ignored
S_670_850,1,Public
S_670_853,-1,Ignored
S_671_686,-1,Ignored
S_671_689,-1,Ignored
S_671_694,-1,Ignored
S_671_695,-1,Ignored
S_671_698,-1,Ignored
S_671_701,-1,Ignored
S_671_702,-1,Ignored
S_671_708,-1,Ignored
S_671_720,-1,Ignored
S_671_721,-1,Ignored
S_671_722,-1,Ignored
S_671_725,-1,Ignored
S_671_731,-1,Ignored
S_671_737,-1,Ignored
S_671_754,-1,Ignored
S_671_765,-1,Ignored
S_671_779,-1,Ignored
S_671_780,-1,Ignored
S_671_783,-1,Ignored
S_671_786,-1,Ignored
S_671_790,-1,Ignored
S_671_793,-1,Ignored
S_671_802,-1,Ignored
S_671_804,-1,Ignored
S_671_810,-1,Ignored
S_671_811,-1,Ignored
S_671_825,-1,Ignored
S_671_829,-1,Ignored
S_671_830,1,Public
S_671_836,-1,Ignored
S_671_842,-1,Ignored
S_671_845,-1,Ignored
S_671_846,-1,Ignored
S_671_849,-1,Ignored
S_671_850,-1,Ignored
S_671_853,-1,Ignored
S_686_689,-1,Ignored
S_686_694,-1,Ignored
S_686_695,-1,Ignored
S_686_698,-1,Ignored
S_686_701,-1,Ignored
S_686_702,-1,Ignored
S_686_708,-1,Ignored
S_686_720,-1,Ignored
S_686_721,-1,Ignored
S_686_722,-1,Ignored
S_686_725,-1,Ignored
S_686_731,-1,Ignored
S_686_737,-1,Ignored
S_686_754,-1,Ignored
S_686_765,-1,Ignored
S_686_779,-1,Ignored
S_686_780,-1,Ignored
S_686_783,-1,Ignored
S_686_786,-1,Ignored
S_686_790,-1,Ignored
S_686_793,-1,Ignored
S_686_802,-1,Ignored
S_686_804,-1,Ignored
S_686_810,-1,Ignored
S_686_811,-1,Ignored
S_686_825,-1,Ignored
S_686_829,-1,Ignored
S_686_830,-1,Ignored
S_686_836,-1,Ignored
S_686_842,-1,Ignored
S_686_845,-1,Ignored
S_686_846,-1,Ignored
S_686_849,-1,Ignored
S_686_850,-1,Ignored
S_686_853,-1,Ignored
S_689_694,-1,Ignored
S_689_695,-1,Ignored
S_689_698,-1,Ignored
S_689_701,-1,Ignored
S_689_702,-1,Ignored
S_689_708,-1,Ignored
S_689_720,-1,Ignored
S_689_721,1,Public
S_689_722,-1,Ignored
S_689_725,-1,Ignored
S_689_731,-1,Ignored
S_689_737,-1,Ignored
S_689_754,0,Public
S_689_765,-1,Ignored
S_689_779,-1,Ignored
S_689_780,-1,Ignored
S_689_783,-1,Ignored
S_689_786,-1,Ignored
S_689_790,-1,Ignored
S_689_793,-1,Ignored
S_689_802,-1,Ignored
S_689_804,-1,Ignored
S_689_810,-1,Ignored
S_689_811,-1,Ignored
S_689_825,-1,Ignored
S_689_829,-1,Ignored
S_689_830,-1,Ignored
S_689_836,-1,Ignored
S_689_842,-1,Ignored
S_689_845,-1,Ignored
S_689_846,-1,Ignored
S_689_849,-1,Ignored
S_689_850,-1,Ignored
S_689_853,-1,Ignored
S_694_695,-1,Ignored
S_694_698,-1,Ignored
S_694_701,-1,Ignored
S_694_702,-1,Ignored
S_694_708,-1,Ignored
S_694_720,-1,Ignored
S_694_721,-1,Ignored
S_694_722,-1,Ignored
S_694_725,-1,Ignored
S_694_731,-1,Ignored
S_694_737,-1,Ignored
S_694_754,-1,Ignored
S_694_765,-1,Ignored
S_694_779,-1,Ignored
S_694_780,-1,Ignored
S_694_783,-1,Ignored
S_694_786,-1,Ignored
S_694_790,-1,Ignored
S_694_793,-1,Ignored
S_694_802,-1,Ignored
S_694_804,-1,Ignored
S_694_810,-1,Ignored
S_694_811,-1,Ignored
S_694_825,-1,Ignored
S_694_829,-1,Ignored
S_694_830,-1,Ignored
S_694_836,-1,Ignored
S_694_842,-1,Ignored
S_694_845,-1,Ignored
S_694_846,-1,Ignored
S_694_849,-1,Ignored
S_694_850,-1,Ignored
S_694_853,-1,Ignored
S_695_698,-1,Ignored
S_695_701,-1,Ignored
S_695_702,-1,Ignored
S_695_708,-1,Ignored
S_695_720,-1,Ignored
S_695_721,-1,Ignored
S_695_722,-1,Ignored
S_695_725,-1,Ignored
S_695_731,-1,Ignored
S_695_737,-1,Ignored
S_695_754,-1,Ignored
S_695_765,-1,Ignored
S_695_779,-1,Ignored
S_695_780,0,Public
S_695_783,-1,Ignored
S_695_786,-1,Ignored
S_695_790,-1,Ignored
S_695_793,-1,Ignored
S_695_802,-1,Ignored
S_695_804,-1,Ignored
S_695_810,-1,Ignored
S_695_811,-1,Ignored
S_695_825,-1,Ignored
S_695_829,-1,Ignored
S_695_830,-1,Ignored
S_695_836,-1,Ignored
S_695_842,-1,Ignored
S_695_845,-1,Ignored
S_695_846,-1,Ignored
S_695_849,-1,Ignored
S_695_850,-1,Ignored
S_695_853,-1,Ignored
S_698_701,-1,Ignored
S_698_702,-1,Ignored
S_698_708,-1,Ignored
S_698_720,-1,Ignored
S_698_721,-1,Ignored
S_698_722,-1,Ignored
S_698_725,-1,Ignored
S_698_731,-1,Ignored
S_698_737,-1,Ignored
S_698_754,-1,Ignored
S_698_765,-1,Ignored
S_698_779,-1,Ignored
S_698_780,-1,Ignored
S_698_783,-1,Ignored
S_698_786,-1,Ignored
S_698_790,-1,Ignored
S_698_793,-1,Ignored
S_698_802,-1,Ignored
S_698_804,-1,Ignored
S_698_810,-1,Ignored
S_698_811,-1,Ignored
S_698_825,-1,Ignored
S_698_829,-1,Ignored
S_698_830,-1,Ignored
S_698_836,-1,Ignored
S_698_842,-1,Ignored
S_698_845,-1,Ignored
S_698_846,-1,Ignored
S_698_849,-1,Ignored
S_698_850,-1,Ignored
S_698_853,-1,Ignored
S_701_702,-1,Ignored
S_701_708,-1,Ignored
S_701_720,-1,Ignored
S_701_721,-1,Ignored
S_701_722,-1,Ignored
S_701_725,-1,Ignored
S_701_731,-1,Ignored
S_701_737,-1,Ignored
S_701_754,-1,Ignored
S_701_765,-1,Ignored
S_701_779,-1,Ignored
S_701_780,-1,Ignored
S_701_783,0,Public
S_701_786,-1,Ignored
S_701_790,-1,Ignored
S_701_793,-1,Ignored
S_701_802,-1,Ignored
S_701_804,-1,Ignored
S_701_810,-1,Ignored
S_701_811,-1,Ignored
S_701_825,-1,Ignored
S_701_829,-1,Ignored
S_701_830,-1,Ignored
S_701_836,-1,Ignored
S_701_842,-1,Ignored
S_701_845,-1,Ignored
S_701_846,-1,Ignored
S_701_849,-1,Ignored
S_701_850,-1,Ignored
S_701_853,-1,Ignored
S_702_708,-1,Ignored
S_702_720,-1,Ignored
S_702_721,-1,Ignored
S_702_722,-1,Ignored
S_702_725,-1,Ignored
S_702_731,-1,Ignored
S_702_737,-1,Ignored
S_702_754,0,Public
S_702_765,-1,Ignored
S_702_779,-1,Ignored
S_702_780,-1,Ignored
S_702_783,-1,Ignored
S_702_786,-1,Ignored
S_702_790,-1,Ignored
S_702_793,-1,Ignored
S_702_802,-1,Ignored
S_702_804,-1,Ignored
S_702_810,-1,Ignored
S_702_811,-1,Ignored
S_702_825,-1,Ignored
S_702_829,-1,Ignored
S_702_830,-1,Ignored
S_702_836,-1,Ignored
S_702_842,-1,Ignored
S_702_845,-1,Ignored
S_702_846,-1,Ignored
S_702_849,-1,Ignored
S_702_850,-1,Ignored
S_702_853,-1,Ignored
S_708_720,-1,Ignored
S_708_721,-1,Ignored
S_708_722,-1,Ignored
S_708_725,-1,Ignored
S_708_731,-1,Ignored
S_708_737,1,Public
S_708_754,-1,Ignored
S_708_765,-1,Ignored
S_708_779,-1,Ignored
S_708_780,-1,Ignored
S_708_783,-1,Ignored
S_708_786,-1,Ignored
S_708_790,-1,Ignored
S_708_793,-1,Ignored
S_708_802,-1,Ignored
S_708_804,-1,Ignored
S_708_810,-1,Ignored
S_708_811,-1,Ignored
S_708_825,-1,Ignored
S_708_829,-1,Ignored
S_708_830,-1,Ignored
S_708_836,-1,Ignored
S_708_842,-1,Ignored
S_708_845,-1,Ignored
S_708_846,-1,Ignored
S_708_849,-1,Ignored
S_708_850,-1,Ignored
S_708_853,-1,Ignored
S_720_721,-1,Ignored
S_720_722,-1,Ignored
S_720_725,-1,Ignored
S_720_731,-1,Ignored
S_720_737,-1,Ignored
S_720_754,-1,Ignored
S_720_765,-1,Ignored
S_720_779,-1,Ignored
S_720_780,-1,Ignored
S_720_783,-1,Ignored
S_720_786,-1,Ignored
S_720_790,-1,Ignored
S_720_793,-1,Ignored
S_720_802,-1,Ignored
S_720_804,-1,Ignored
S_720_810,-1,Ignored
S_720_811,-1,Ignored
S_720_825,-1,Ignored
S_720_829,-1,Ignored
S_720_830,-1,Ignored
S_720_836,-1,Ignored
S_720_842,-1,Ignored
S_720_845,-1,Ignored
S_720_846,-1,Ignored
S_720_849,-1,Ignored
S_720_850,-1,Ignored
S_720_853,-1,Ignored
S_721_722,-1,Ignored
S_721_725,-1,Ignored
S_721_731,-1,Ignored
S_721_737,-1,Ignored
S_721_754,-1,Ignored
S_721_765,-1,Ignored
S_721_779,-1,Ignored
S_721_780,-1,Ignored
S_721_783,-1,Ignored
S_721_786,-1,Ignored
S_721_790,-1,Ignored
S_721_793,-1,Ignored
S_721_802,-1,Ignored
S_721_804,-1,Ignored
S_721_810,-1,Ignored
S_721_811,-1,Ignored
S_721_825,-1,Ignored
S_721_829,-1,Ignored
S_721_830,-1,Ignored
S_721_836,-1,Ignored
S_721_842,-1,Ignored
S_721_845,-1,Ignored
S_721_846,-1,Ignored
S_721_849,-1,Ignored
S_721_850,-1,Ignored
S_721_853,-1,Ignored
S_722_725,-1,Ignored
S_722_731,-1,Ignored
S_722_737,-1,Ignored
S_722_754,-1,Ignored
S_722_765,-1,Ignored
S_722_779,-1,Ignored
S_722_780,-1,Ignored
S_722_783,-1,Ignored
S_722_786,-1,Ignored
S_722_790,-1,Ignored
S_722_793,-1,Ignored
S_722_802,-1,Ignored
S_722_804,-1,Ignored
S_722_810,-1,Ignored
S_722_811,-1,Ignored
S_722_825,-1,Ignored
S_722_829,-1,Ignored
S_722_830,-1,Ignored
S_722_836,-1,Ignored
S_722_842,-1,Ignored
S_722_845,-1,Ignored
S_722_846,-1,Ignored
S_722_849,-1,Ignored
S_722_850,-1,Ignored
S_722_853,-1,Ignored
S_725_731,-1,Ignored
S_725_737,-1,Ignored
S_725_754,-1,Ignored
S_725_765,-1,Ignored
S_725_779,-1,Ignored
S_725_780,-1,Ignored
S_725_783,-1,Ignored
S_725_786,-1,Ignored
S_725_790,-1,Ignored
S_725_793,-1,Ignored
S_725_802,-1,Ignored
S_725_804,-1,Ignored
S_725_810,-1,Ignored
S_725_811,-1,Ignored
S_725_825,-1,Ignored
S_725_829,-1,Ignored
S_725_830,-1,Ignored
S_725_836,-1,Ignored
S_725_842,-1,Ignored
S_725_845,-1,Ignored
S_725_846,-1,Ignored
S_725_849,0,Public
S_725_850,-1,Ignored
S_725_853,-1,Ignored
S_731_737,-1,Ignored
S_731_754,-1,Ignored
S_731_765,-1,Ignored
S_731_779,-1,Ignored
S_731_780,-1,Ignored
S_731_783,-1,Ignored
S_731_786,-1,Ignored
S_731_790,-1,Ignored
S_731_793,-1,Ignored
S_731_802,-1,Ignored
S_731_804,-1,Ignored
S_731_810,-1,Ignored
S_731_811,-1,Ignored
S_731_825,-1,Ignored
S_731_829,-1,Ignored
S_731_830,-1,Ignored
S_731_836,-1,Ignored
S_731_842,-1,Ignored
S_731_845,-1,Ignored
S_731_846,-1,Ignored
S_731_849,-1,Ignored
S_731_850,-1,Ignored
S_731_853,-1,Ignored
S_737_754,-1,Ignored
S_737_765,-1,Ignored
S_737_779,-1,Ignored
S_737_780,-1,Ignored
S_737_783,-1,Ignored
S_737_786,-1,Ignored
S_737_790,-1,Ignored
S_737_793,-1,Ignored
S_737_802,-1,Ignored
S_737_804,-1,Ignored
S_737_810,-1,Ignored
S_737_811,-1,Ignored
S_737_825,-1,Ignored
S_737_829,-1,Ignored
S_737_830,-1,Ignored
S_737_836,-1,Ignored
S_737_842,-1,Ignored
S_737_845,-1,Ignored
S_737_846,-1,Ignored
S_737_849,-1,Ignored
S_737_850,-1,Ignored
S_737_853,-1,Ignored
S_754_765,-1,Ignored
S_754_779,-1,Ignored
S_754_780,-1,Ignored
S_754_783,-1,Ignored
S_754_786,-1,Ignored
S_754_790,-1,Ignored
S_754_793,-1,Ignored
S_754_802,-1,Ignored
S_754_804,-1,Ignored
S_754_810,-1,Ignored
S_754_811,-1,Ignored
S_754_825,-1,Ignored
S_754_829,-1,Ignored
S_754_830,-1,Ignored
S_754_836,-1,Ignored
S_754_842,-1,Ignored
S_754_845,-1,Ignored
S_754_846,-1,Ignored
S_754_849,-1,Ignored
S_754_850,-1,Ignored
S_754_853,-1,Ignored
S_765_779,-1,Ignored
S_765_780,-1,Ignored
S_765_783,-1,Ignored
S_765_786,-1,Ignored
S_765_790,-1,Ignored
S_765_793,-1,Ignored
S_765_802,-1,Ignored
S_765_804,-1,Ignored
S_765_810,0,Public
S_765_811,-1,Ignored
S_765_825,1,Public
S_765_829,-1,Ignored
S_765_830,-1,Ignored
S_765_836,-1,Ignored
S_765_842,-1,Ignored
S_765_845,-1,Ignored
S_765_846,-1,Ignored
S_765_849,-1,Ignored
S_765_850,-1,Ignored
S_765_853,-1,Ignored
S_779_780,-1,Ignored
S_779_783,-1,Ignored
S_779_786,-1,Ignored
S_779_790,-1,Ignored
S_779_793,-1,Ignored
S_779_802,-1,Ignored
S_779_804,-1,Ignored
S_779_810,-1,Ignored
S_779_811,-1,Ignored
S_779_825,-1,Ignored
S_779_829,-1,Ignored
S_779_830,-1,Ignored
S_779_836,-1,Ignored
S_779_842,-1,Ignored
S_779_845,-1,Ignored
S_779_846,-1,Ignored
S_779_849,-1,Ignored
S_779_850,-1,Ignored
S_779_853,-1,Ignored
S_780_783,-1,Ignored
S_780_786,-1,Ignored
S_780_790,-1,Ignored
S_780_793,-1,Ignored
S_780_802,-1,Ignored
S_780_804,-1,Ignored
S_780_810,-1,Ignored
S_780_811,-1,Ignored
S_780_825,-1,Ignored
S_780_829,-1,Ignored
S_780_830,-1,Ignored
S_780_836,-1,Ignored
S_780_842,-1,Ignored
S_780_845,-1,Ignored
S_780_846,-1,Ignored
S_780_849,-1,Ignored
S_780_850,-1,Ignored
S_780_853,-1,Ignored
S_783_786,-1,Ignored
S_783_790,-1,Ignored
S_783_793,-1,Ignored
S_783_802,-1,Ignored
S_783_804,-1,Ignored
S_783_810,-1,Ignored
S_783_811,-1,Ignored
S_783_825,-1,Ignored
S_783_829,-1,Ignored
S_783_830,-1,Ignored
S_783_836,-1,Ignored
S_783_842,-1,Ignored
S_783_845,-1,Ignored
S_783_846,-1,Ignored
S_783_849,-1,Ignored
S_783_850,-1,Ignored
S_783_853,-1,Ignored
S_786_790,-1,Ignored
S_786_793,-1,Ignored
S_786_802,-1,Ignored
S_786_804,-1,Ignored
S_786_810,-1,Ignored
S_786_811,-1,Ignored
S_786_825,-1,Ignored
S_786_829,-1,Ignored
S_786_830,-1,Ignored
S_786_836,1,Public
S_786_842,-1,Ignored
S_786_845,-1,Ignored
S_786_846,-1,Ignored
S_786_849,-1,Ignored
S_786_850,-1,Ignored
S_786_853,-1,Ignored
S_790_793,-1,Ignored
S_790_802,-1,Ignored
S_790_804,-1,Ignored
S_790_810,-1,Ignored
S_790_811,-1,Ignored
S_790_825,-1,Ignored
S_790_829,-1,Ignored
S_790_830,-1,Ignored
S_790_836,-1,Ignored
S_790_842,-1,Ignored
S_790_845,-1,Ignored
S_790_846,-1,Ignored
S_790_849,-1,Ignored
S_790_850,-1,Ignored
S_790_853,-1,Ignored
S_793_802,-1,Ignored
S_793_804,-1,Ignored
S_793_810,-1,Ignored
S_793_811,-1,Ignored
S_793_825,-1,Ignored
S_793_829,-1,Ignored
S_793_830,-1,Ignored
S_793_836,-1,Ignored
S_793_842,-1,Ignored
S_793_845,-1,Ignored
S_793_846,-1,Ignored
S_793_849,-1,Ignored
S_793_850,-1,Ignored
S_793_853,-1,Ignored
S_802_804,-1,Ignored
S_802_810,0,Public
S_802_811,-1,Ignored
S_802_825,-1,Ignored
S_802_829,-1,Ignored
S_802_830,-1,Ignored
S_802_836,-1,Ignored
S_802_842,-1,Ignored
S_802_845,-1,Ignored
S_802_846,-1,Ignored
S_802_849,-1,Ignored
S_802_850,-1,Ignored
S_802_853,-1,Ignored
S_804_810,-1,Ignored
S_804_811,-1,Ignored
S_804_825,-1,Ignored
S_804_829,-1,Ignored
S_804_830,-1,Ignored
S_804_836,-1,Ignored
S_804_842,-1,Ignored
S_804_845,-1,Ignored
S_804_846,-1,Ignored
S_804_849,-1,Ignored
S_804_850,-1,Ignored
S_804_853,-1,Ignored
S_810_811,-1,Ignored
S_810_825,-1,Ignored
S_810_829,-1,Ignored
S_810_830,-1,Ignored
S_810_836,-1,Ignored
S_810_842,-1,Ignored
S_810_845,-1,Ignored
S_810_846,-1,Ignored
S_810_849,-1,Ignored
S_810_850,-1,Ignored
S_810_853,-1,Ignored
S_811_825,-1,Ignored
S_811_829,-1,Ignored
S_811_830,-1,Ignored
S_811_836,-1,Ignored
S_811_842,-1,Ignored
S_811_845,-1,Ignored
S_811_846,-1,Ignored
S_811_849,-1,Ignored
S_811_850,-1,Ignored
S_811_853,-1,Ignored
S_825_829,-1,Ignored
S_825_830,-1,Ignored
S_825_836,-1,Ignored
S_825_842,-1,Ignored
S_825_845,-1,Ignored
S_825_846,-1,Ignored
S_825_849,-1,Ignored
S_825_850,-1,Ignored
S_825_853,-1,Ignored
S_829_830,-1,Ignored
S_829_836,-1,Ignored
S_829_842,-1,Ignored
S_829_845,1,Public
S_829_846,-1,Ignored
S_829_849,-1,Ignored
S_829_850,-1,Ignored
S_829_853,-1,Ignored
S_830_836,-1,Ignored
S_830_842,-1,Ignored
S_830_845,-1,Ignored
S_830_846,-1,Ignored
S_830_849,-1,Ignored
S_830_850,-1,Ignored
S_830_853,-1,Ignored
S_836_842,-1,Ignored
S_836_845,-1,Ignored
S_836_846,-1,Ignored
S_836_849,-1,Ignored
S_836_850,-1,Ignored
S_836_853,-1,Ignored
S_842_845,-1,Ignored
S_842_846,-1,Ignored
S_842_849,-1,Ignored
S_842_850,-1,Ignored
S_842_853,-1,Ignored
S_845_846,-1,Ignored
S_845_849,-1,Ignored
S_845_850,-1,Ignored
S_845_853,-1,Ignored
S_846_849,-1,Ignored
S_846_850,-1,Ignored
S_846_853,-1,Ignored
S_849_850,-1,Ignored
S_849_853,-1,Ignored
S_850_853,-1,Ignored
